id,first name,last name,DOB,hire date,job id,salary,depart id,street,city,state,zip,lng,lat
101,Kristen,Alexander,1986-11-08,2011-02-01,Learning mentor,58480,1,4639 York Haven Apt. 246,Port David,Maryland,47975,43.379659,-41.014874
102,Brandon,Jenkins,1981-08-08,2014-09-14,Garment/textile technologist,71023,5,173 Luis Passage Suite 304,Barneschester,Arkansas,25880,-173.730425,61.0385215
103,Jordan,Romero,1924-07-02,2015-01-17,Metallurgist,97550,8,50042 Mark Ridge Apt. 165,Alanbury,Illinois,79657,-139.668921,72.645010
104,Chelsea,Goodwin,1969-05-30,2016-01-20,Radiation protection practitioner,115094,1,978 Chavez Cliffs,Huntshire,Nebraska,57421,-117.050078,-37.9280045
105,Jeremiah,Brooks,1936-01-15,2011-07-06,Dancer,122653,9,3966 Bridget Meadows,Samanthatown,Vermont,02782,-12.785828,-65.1682425
106,Megan,Bennett,1984-10-14,2020-06-20,Public relations officer,92921,5,59624 Mcclure Divide Apt. 406,Millerside,Massachusetts,44064,149.305260,-55.0075745
107,Kaitlyn,Jenkins,1968-05-26,2014-10-27,"Horticulturist, amenity",48427,7,0776 Lee Lakes,Port Rubenberg,Oklahoma,70702,-45.740188,-25.017580
108,Joshua,Collins,1955-10-14,2012-12-16,Microbiologist,63056,8,95507 Jason Summit Apt. 405,Morganview,Kansas,85938,77.780823,-83.5120765
109,Ryan,Kelley,1962-11-05,2013-06-01,Tax inspector,50865,1,325 Anderson Tunnel Apt. 667,Port Caitlin,South Dakota,15921,-1.810995,18.258562
110,Jacqueline,Fry,1956-11-18,2010-11-27,Applications developer,79160,10,045 Lopez Rapids,South Wayneberg,West Virginia,26600,168.008836,-44.6941845
111,Richard,Gonzalez,1927-09-08,2010-12-01,Patent examiner,28023,2,110 Jeffrey Fork,Osborneberg,Indiana,93347,114.307869,-79.6386585
112,Sean,Thompson,1934-11-29,2020-05-22,"Librarian, academic",109176,6,736 Bishop Land Suite 708,East Amandashire,Missouri,03404,-2.480396,-32.774087
113,Alicia,Gomez,1947-12-20,2013-07-26,Product manager,45032,2,048 Thompson Valleys,West Gerald,Connecticut,98040,-122.402151,-39.8064575
114,Luis,Robinson,1952-12-26,2014-05-27,Firefighter,14599,3,797 John Inlet,South Richard,New Hampshire,83829,114.761154,-4.0402475
115,Kevin,Clark,1966-06-29,2011-11-11,Water quality scientist,41047,2,60598 Pope Pike,Hortonchester,Utah,76977,120.275493,2.7495455
116,Randy,Kramer,1950-02-23,2014-10-23,Travel agency manager,59439,9,525 Stout Squares Suite 667,Michaelfurt,Oregon,63159,171.467841,-14.918647
117,Karen,Owens,1948-01-23,2019-07-09,Education administrator,23391,3,738 Sally Villages,North Jonathanfurt,Georgia,12257,106.735617,72.526698
118,Wendy,Davis,1966-08-06,2014-09-21,Make,149849,1,6474 Donald Squares,New Crystalmouth,Oklahoma,17651,-33.995361,89.3533955
119,Jacqueline,Wells,1969-01-29,2010-11-14,"Designer, blown glass/stained glass",54581,5,2848 Michelle Ports,Matthewbury,Arkansas,41161,-7.634759,-11.0835525
120,Cameron,Wright,1987-06-03,2010-01-30,Glass blower/designer,107275,3,9545 Robles Garden,Cameronfurt,Maine,73076,40.932737,-34.6531455
121,William,Robinson,1985-12-09,2015-08-04,Company secretary,14224,3,16281 Ryan Glen Suite 215,Port Jessica,North Dakota,70048,50.757285,-15.182631
122,Christopher,Sweeney,1984-12-31,2012-02-15,"Presenter, broadcasting",61204,4,6936 Jones Islands,Fredchester,California,80089,55.452981,-80.8696525
123,Stephanie,Powell,1937-07-07,2020-02-10,Physiological scientist,103205,7,6147 Flores Cliffs Suite 255,Lake Patricia,New Jersey,59201,-145.219496,-20.1545615
124,Tina,Hunt,1988-11-06,2013-07-08,Sales executive,112309,9,7820 Anthony Route Suite 435,Port Sarah,Michigan,16960,-176.252057,38.615625
125,James,Bates,1961-12-01,2015-05-28,Biomedical scientist,63049,6,495 Cervantes Village,Thomasbury,Maine,92039,5.169999,42.2007655
126,Tammy,Beck,1930-03-18,2010-06-07,Solicitor,83856,4,68010 Love Wells Suite 434,Port Emmaberg,New York,08674,-20.179892,-75.705077
127,Autumn,Taylor,1972-11-16,2018-06-28,Food technologist,142319,1,0741 Taylor Isle Suite 917,West Stephen,Illinois,35129,-97.130717,68.0874695
128,Michelle,King,1950-06-20,2019-04-13,"Doctor, hospital",128869,2,3392 Ryan Forge,South Kimberlyborough,New York,30022,-83.214940,-8.0531415
129,Victoria,Brown,1938-07-23,2019-03-09,Seismic interpreter,83793,4,85087 Wright Circles,Hendricksshire,Alabama,77012,-83.149632,-51.377181
130,Nicholas,Mclaughlin,1973-04-06,2019-10-25,Applications developer,94140,3,95514 Erica Walk,Harperstad,Missouri,81816,-143.067578,-68.8450325
131,Jennifer,Levine,1935-02-01,2017-09-05,"Administrator, sports",37962,9,0247 Jonathan Port Suite 921,Johnsonstad,Utah,25074,53.642278,44.5766745
132,Julie,Walsh,1995-04-14,2011-03-30,"Administrator, Civil Service",107211,9,108 Avila Village Apt. 481,Port Stephenshire,New York,46154,129.017554,-4.9628495
133,George,Sweeney,1927-11-14,2018-01-29,Building control surveyor,27923,10,317 Campbell Port,Juliabury,Arizona,28886,-55.225802,-77.6902965
134,Trevor,Moore,1964-08-20,2015-12-25,"Radiographer, diagnostic",140284,1,47126 Goodwin Inlet,Lisaville,Kansas,55322,-33.394628,21.2874765
135,Melissa,Mendez,1978-06-13,2014-06-05,Data scientist,40293,10,849 Berry Mount Suite 268,Lake Charleshaven,South Dakota,39335,-120.369203,-45.0647655
136,Kim,Wheeler,1978-08-31,2020-10-22,Arts administrator,97820,4,689 Olivia Key,South Christopher,Utah,29269,102.206625,25.879356
137,Amanda,Johnson,1994-11-30,2020-02-28,"Accountant, chartered",11026,9,45231 Rice Island Suite 343,East Brittany,Wyoming,20564,154.096728,-18.9759815
138,Elaine,Graves,1943-01-20,2011-01-29,"Restaurant manager, fast food",121699,1,264 Watson Junction,South Jillberg,Alabama,34798,100.859907,31.133756
139,Melissa,Owen,1953-05-10,2010-03-14,Customer service manager,39138,8,4809 Elizabeth Fork Suite 942,West Jamesbury,New Jersey,48430,-18.812476,44.395058
140,Brandon,Gomez,1957-05-19,2015-02-24,Manufacturing systems engineer,19927,3,77456 Sawyer Brook Suite 603,Campbellborough,Colorado,78176,81.261683,-79.2304315
141,Kelly,Robinson,1981-06-20,2020-01-08,"Nurse, mental health",10014,5,9158 Joshua Turnpike,Paulashire,Montana,21168,-20.430649,-59.0426415
142,Christopher,Johnson,1977-05-29,2018-08-10,Barrister,113979,1,48552 Matthew Center,Jonesmouth,Utah,24385,-4.417306,-77.5826495
143,Alex,Ortiz,1951-03-18,2019-11-26,Industrial buyer,11238,1,1091 Vega Wall,New Patrick,Utah,01817,39.519485,-19.4196175
144,Stephanie,Young,1950-10-02,2018-03-14,Psychiatrist,35436,7,7759 Jennifer Course,East Brenda,Louisiana,33452,-63.395076,87.8247625
145,Denise,Young,1954-01-22,2010-06-09,"Designer, furniture",17019,7,19776 Taylor Ramp Suite 017,New Matthew,Texas,92460,-130.055053,53.237703
146,Amanda,Green,1979-11-16,2015-12-18,Archivist,148773,7,636 Christopher Ford Suite 642,New Ruthland,Mississippi,51827,-154.486954,74.893825
147,Andrea,Wells,1936-12-23,2018-11-18,Seismic interpreter,56231,9,62822 Giles Parks Suite 829,Farmershire,Nevada,67165,121.698620,-11.258102
148,Rhonda,Hunt,1953-12-17,2016-11-01,"Engineer, building services",92804,10,5460 Parker Prairie Apt. 275,New Monique,Wisconsin,86290,79.903924,-55.1060675
149,Kathleen,Griffin,1969-07-13,2018-07-08,"Engineer, manufacturing",42940,4,0921 Jeffrey Ports Apt. 566,Davidberg,Arizona,27304,-57.729601,-85.048267
150,Sean,Reed,1953-04-25,2010-04-19,Materials engineer,52770,8,819 William Forge,Flemingburgh,Maine,05207,133.455267,30.8565865
151,Nathan,Brown,1934-08-08,2010-10-28,"Conservation officer, nature",116415,7,57927 Lara Brook,Karenstad,Kansas,48891,-12.947044,45.9667455
152,Michael,Berry,1952-08-07,2019-11-02,"Scientist, clinical (histocompatibility and immunogenetics)",128808,5,6331 Young Port Suite 494,South Davidshire,Arizona,96453,59.366248,60.215104
153,Laurie,Roberts,1972-03-29,2020-08-20,Passenger transport manager,77128,4,51169 Sweeney Coves Apt. 307,Stephanieview,Oklahoma,84328,-42.868162,-59.570052
154,Tara,Carter,1977-11-30,2018-09-14,Educational psychologist,58104,6,47060 Michael Turnpike,New Emilytown,New Jersey,35051,-97.914203,16.5906505
155,Joseph,Jenkins,1977-12-31,2012-06-03,Psychiatric nurse,99400,4,2073 Adam Stream,Port Clifford,New York,33909,54.248514,-6.7609485
156,Michael,Baird,1928-09-23,2018-10-30,Hydrogeologist,149514,3,80457 Stephen Summit,Scottstad,Delaware,53358,6.145517,52.254314
157,Lisa,Hunter,1959-04-16,2013-01-20,Community development worker,55438,7,2376 Fields Lake Suite 116,Lake Chelsea,North Dakota,25805,101.567574,52.6841985
158,Catherine,Barrera,1940-06-24,2011-11-24,"Designer, multimedia",91443,3,8319 Crawford Roads Apt. 515,New Jessica,Texas,19520,25.437020,-70.3685525
159,Amy,Jennings,1995-01-11,2013-10-31,"Geologist, engineering",77503,2,293 Christopher Expressway,South Brendaborough,North Dakota,35781,53.775659,-22.9478035
160,Douglas,Brewer,1940-05-22,2014-12-23,Astronomer,80029,5,38037 Mindy Harbor,Mcgeehaven,California,10180,20.305238,-15.228621
161,Christopher,Diaz,1938-06-01,2017-07-30,"Teacher, early years/pre",31123,5,7558 Kim Ways Apt. 955,South Courtneyshire,Rhode Island,93495,164.937311,59.618593
162,Lawrence,Wells,1997-04-04,2017-11-30,"Secretary, company",74259,3,6338 Russell Square,Patriciatown,Illinois,51632,-37.643232,81.395934
163,Molly,Lamb,1977-01-12,2014-11-21,"Scientist, physiological",16616,8,462 Meghan Cape,New Jason,Mississippi,76314,55.146412,10.386621
164,Michael,Vega,1947-07-15,2017-11-26,Television/film/video producer,67395,10,439 Hudson Views Apt. 591,Wilsontown,Illinois,69444,168.587886,-42.4883765
165,Beverly,Chaney,1958-12-01,2012-09-09,Mechanical engineer,127938,5,86641 Kenneth Neck Suite 687,West Laura,Louisiana,64665,-87.155401,-69.564332
166,Angela,Graham,1985-10-04,2012-11-28,Computer games developer,83852,2,47031 Morris Flats Apt. 500,Rebeccafort,Nevada,91382,51.037477,-70.789210
167,Deanna,Simmons,1969-03-06,2019-03-28,"Engineer, technical sales",99158,6,55141 Jonathan Key Apt. 855,New Cherylmouth,Rhode Island,13946,-167.877171,-66.5939585
168,Glenn,Harris,1927-09-18,2018-10-27,Estate manager/land agent,89982,1,76807 Jenkins Drive,New Jasmine,California,36899,-173.671548,-43.377363
169,Martin,Robertson,1940-05-10,2015-06-11,Furniture designer,148031,3,77801 Emily Ville,Randallchester,West Virginia,30006,-10.030822,9.9576965
170,Benjamin,Martin,1949-09-05,2020-02-22,Comptroller,71283,7,8212 Susan Lights,South Mckenzie,New Hampshire,81863,-61.552756,74.7859255
171,Christina,Zamora,1955-06-16,2012-12-25,Theatre stage manager,21028,3,1559 Christopher Road Apt. 837,Tonystad,Idaho,05032,-121.526653,-32.686359
172,John,Fuller,1986-10-29,2012-05-09,Civil Service fast streamer,44607,2,9032 Benjamin Villages,Santiagoburgh,Vermont,66979,157.431919,25.8110335
173,Wendy,Diaz,1972-05-09,2020-08-30,"Scientist, research (physical sciences)",135774,2,77439 Jennifer Drive Apt. 214,Williamhaven,Nebraska,81455,20.451298,-14.124578
174,Kimberly,Collins,1970-06-10,2016-01-10,Tourism officer,95400,9,403 Janet Junctions,Doriston,South Carolina,08386,-135.600034,-19.889545
175,Michael,Hardin,1950-09-10,2011-06-20,Automotive engineer,57113,3,376 Garner Wells,Tylerstad,Kentucky,08416,132.869458,-18.6248065
176,Jessica,White,1952-07-19,2019-01-27,Music tutor,26672,1,28828 Lawrence Fords Apt. 692,Melissachester,Missouri,47942,63.212661,-13.679895
177,Angela,Chang,1983-11-20,2020-12-12,Environmental manager,98406,3,94205 Yang Fall Suite 824,New David,Rhode Island,89529,93.927727,-25.1416525
178,Laurie,Gray,1954-09-19,2015-01-09,"Teacher, primary school",28173,1,228 Cheyenne Forge,Jeffreyberg,Hawaii,08328,131.424746,46.9071685
179,Charlotte,Hartman,1976-08-14,2019-12-28,IT consultant,40443,6,36366 Walsh Mills Apt. 802,Carsonfort,Colorado,97387,55.243396,17.958703
180,Carol,Houston,1984-08-23,2015-02-22,Consulting civil engineer,105252,4,809 Megan Road,Port Dylanton,Rhode Island,24137,129.904901,74.760015
181,Monique,Barker,1961-06-07,2013-11-27,"Psychologist, sport and exercise",95481,7,1640 Trevor Keys Apt. 315,Port Phillip,Rhode Island,13308,45.611781,-61.9424075
182,Kyle,Ingram,1974-03-08,2012-04-15,"Editor, film/video",33357,9,84997 Katelyn Tunnel,New Ericaberg,Louisiana,85468,-115.544234,75.123050
183,Theresa,Ellison,1959-05-15,2017-04-18,Petroleum engineer,25381,8,73057 Raymond Courts,Gonzalezbury,Arkansas,48862,47.434282,-54.1094555
184,Robin,Miller,1988-01-24,2018-08-02,Therapeutic radiographer,44318,9,079 Rachel Knolls Apt. 201,South Caleb,Arizona,24879,1.699065,-54.6743685
185,Michael,Conner,1974-06-13,2015-01-09,Hydrologist,31357,3,793 Hernandez Ferry,Mooreville,South Carolina,03727,-106.731527,5.738371
186,Melissa,Charles,1973-09-23,2019-05-26,"Engineer, agricultural",49935,4,67913 Donald Place,East Carol,North Dakota,77290,-37.342749,-7.133504
187,Ian,Sellers,1993-07-07,2010-02-01,Best boy,20976,9,78291 Gonzalez Expressway Suite 356,North Victor,Maryland,17358,-155.835457,39.097691
188,Michelle,Anthony,1964-09-20,2017-05-08,"Social research officer, government",54641,4,3117 Andre Parkways Apt. 157,Port Chad,Virginia,39814,1.941867,-2.5251515
189,John,Harrison,1958-07-12,2014-03-22,"Psychologist, educational",113913,1,118 Mandy Walks,Cohenview,New York,89480,-62.754890,69.4294295
190,Carrie,Russell,1934-05-17,2011-10-26,Information officer,49868,5,308 Hicks Village,Larsonberg,Colorado,67140,117.925556,66.475632
191,Robert,Brown,1978-08-29,2017-11-13,Health physicist,107146,2,09033 Elizabeth Lock,Lake Peter,New York,12805,-71.714485,60.4219935
192,Suzanne,Watson,1989-06-21,2014-07-28,Restaurant manager,147464,3,8216 Cunningham Vista Suite 547,Humphreymouth,Colorado,91062,78.964398,53.853344
193,Michael,Reyes,1995-07-17,2019-03-14,Pathologist,115151,2,1440 Travis Run,West Michaelburgh,Wisconsin,07904,150.298220,10.291420
194,Michael,Ellis,1938-04-18,2012-04-09,Product/process development scientist,104569,2,157 Tina Stravenue,Kellerberg,Florida,20739,-109.281310,-19.248186
195,Jason,Blevins,1926-07-08,2013-02-27,Legal secretary,17099,9,2940 Miranda Unions Apt. 767,Matafurt,California,48228,-48.002109,48.2862625
196,Frank,Khan,1971-08-18,2012-05-22,Media buyer,20035,10,416 Larry Squares Suite 875,Port Christopher,Arkansas,67940,-55.536366,16.225385
197,Nancy,Le,1993-07-31,2016-08-18,Purchasing manager,85237,5,751 Webb Dam,Port Stephanieport,New Jersey,55404,149.454551,14.477257
198,Anita,Clark,1929-02-06,2017-06-22,Public relations account executive,63895,2,5462 Ross View Apt. 724,Port Lisa,Missouri,67410,63.241161,-6.238545
199,Karen,Barron,1926-09-16,2018-08-06,Podiatrist,31475,1,7413 Peter Ports,West Kevin,Mississippi,43186,-46.072184,-10.918698
200,Michelle,Boyer,1928-04-02,2010-09-19,Chief Executive Officer,51154,5,4531 Allison Causeway Suite 098,Danielborough,North Dakota,76705,163.742624,-16.807731
